actor,movie_or_TV_name
Matthew Mullany,Jesse
Matthew Mullany,Joey
Matthew Mullany,Veronica's Closet
Matthew Mullany,Friends
Steven Harad,Veronica's Closet
Steven Harad,Friends
Alexandra Margulies,Band of Robbers
Alexandra Margulies,Bosch
Alexandra Margulies,Veronica's Closet
Alexandra Margulies,Friends
Alexandra Margulies,The X-Files
Alexandra Margulies,ER
Heather Sims,Rock Star
Heather Sims,Friends
Heather Sims,Disturbia
Heather Sims,GLOW
Heather Sims,Hotel for Dogs
Heather Sims,State of Affairs
Heather Sims,Cougar Town
Fritzi Burr,The Facts of Life
Fritzi Burr,Police Woman
Fritzi Burr,Mary Jane Harper Cried Last Night
Fritzi Burr,3 Girls 3
Fritzi Burr,Seinfeld
Fritzi Burr,What's Happening!!
Fritzi Burr,How Do I Love Thee?
Fritzi Burr,Cover Girls
Fritzi Burr,Sisters
Fritzi Burr,3 Ninjas
Fritzi Burr,The Rookies
Fritzi Burr,Chicken Soup
Fritzi Burr,Hunter
Fritzi Burr,Harry O
Fritzi Burr,Friends
Fritzi Burr,That Girl
Fritzi Burr,"Frasier, the Sensuous Lion"
Fritzi Burr,Dream On
Fritzi Burr,N.Y.P.D.
Fritzi Burr,One in a Million
Fritzi Burr,The Star Chamber
Fritzi Burr,One of the Boys
Fritzi Burr,The Rockford Files
Fritzi Burr,Strike Force
Fritzi Burr,The Incredible Hulk
Fritzi Burr,Newman's Drugstore
Fritzi Burr,Cop Rock
Fritzi Burr,A Touch of Grace
Fritzi Burr,Delta House
Fritzi Burr,You Again?
Fritzi Burr,Starsky and Hutch
Fritzi Burr,Driving Me Crazy
Fritzi Burr,Throb
Fritzi Burr,Killer on Board
Fritzi Burr,Divorce Court
Fritzi Burr,Detective School
Fritzi Burr,Mad About You
Fritzi Burr,Crazy Like a Fox
Fritzi Burr,House Calls
Fritzi Burr,Holmes and Yoyo
Fritzi Burr,"Love, American Style"
Fritzi Burr,Wonder Woman
Fritzi Burr,Pacific Blue
Fritzi Burr,One Day at a Time
Fritzi Burr,Like Normal People
Fritzi Burr,The Golden Girls
Fritzi Burr,Quincy M.E.
Fritzi Burr,Sanford Arms
Fritzi Burr,The Quest
Fritzi Burr,The New Dick Van Dyke Show
Fritzi Burr,Sanford and Son
Fritzi Burr,The Nanny
Fritzi Burr,CBS Schoolbreak Special
Fritzi Burr,The ABC Afternoon Playbreak
Fritzi Burr,The Odd Couple
Fritzi Burr,Platypus Man
Fritzi Burr,Moonlighting
Fritzi Burr,Baretta
Fritzi Burr,My Sister Sam
Fritzi Burr,Maggie
Fritzi Burr,Chinatown
Fritzi Burr,Days of Our Lives
Jeanette Miller,I'm with Her
Jeanette Miller,Four Christmases
Jeanette Miller,10 Things I Hate About You
Jeanette Miller,My Apocalypse
Jeanette Miller,That Certain Feeling
Jeanette Miller,100 Deeds for Eddie McDowd
Jeanette Miller,Jack & Jill
Jeanette Miller,Melrose Place
Jeanette Miller,Quantum Leap
Jeanette Miller,Artists and Models
Jeanette Miller,Charmed
Jeanette Miller,Deathdealer: A Documentary
Jeanette Miller,Lux Video Theatre
Jeanette Miller,Norm
Jeanette Miller,Riptide
Jeanette Miller,Seinfeld
Jeanette Miller,Clueless
Jeanette Miller,ER
Jeanette Miller,The Diamond Trap
Jeanette Miller,The Pretender
Jeanette Miller,The Shield
Jeanette Miller,Evening Shade
Jeanette Miller,Becker
Jeanette Miller,Flesh 'n' Blood
Jeanette Miller,Throb
Jeanette Miller,The Medicine Show
Jeanette Miller,Hearts Afire
Jeanette Miller,Perfect Couples
Jeanette Miller,The Tony Danza Show
Jeanette Miller,MADtv
Jeanette Miller,Designing Women
Jeanette Miller,Step by Step
Jeanette Miller,My Name Is Earl
Jeanette Miller,Providence
Jeanette Miller,Just Shoot Me!
Jeanette Miller,Dexter
Jeanette Miller,Saved by the Bell: The New Class
Jeanette Miller,The Vagabond King
Jeanette Miller,MDs
Jeanette Miller,Brothers & Sisters
Jeanette Miller,Beauty and the Beast
Jeanette Miller,Stealing Harvard
Jeanette Miller,Coach
Jeanette Miller,Elevator Girl
Jeanette Miller,Circle of Violence: A Family Drama
Jeanette Miller,Night Court
Jeanette Miller,Hardcastle and McCormick
Jeanette Miller,Stuck
Jeanette Miller,Malcolm in the Middle
Jeanette Miller,Suddenly Susan
Jeanette Miller,Corky Romano
Jeanette Miller,Scrubs
Jeanette Miller,Legion
Jeanette Miller,Sabrina the Teenage Witch
Jeanette Miller,Not Another Teen Movie
Jeanette Miller,A Case for Life
Jeanette Miller,Cold Heaven
Jeanette Miller,Austin Powers: The Spy Who Shagged Me
Jeanette Miller,The Third Wheel
Jeanette Miller,The Truman Show
Jeanette Miller,The Middle
Jeanette Miller,The Warriors of the 14th Fairway
Jeanette Miller,The Change-Up
Jeanette Miller,The Brian Benben Show
Jeanette Miller,Malcolm & Eddie
Jeanette Miller,SpongeBob SquarePants
Jeanette Miller,Norbit
Jeanette Miller,Friends
Jeanette Miller,Home Improvement
Jeanette Miller,Murphy Brown
Jeanette Miller,"Heart, Soul and Plastic"
Jeanette Miller,Duty Dating
Jeanette Miller,According to Jim
Jeanette Miller,Kitchen Confidential
Jeanette Miller,Star Trek: Voyager
Jeanette Miller,Wings
Jeanette Miller,Finder of Lost Loves
Jeanette Miller,Replacing Dad
Jeanette Miller,The Bernie Mac Show
Jeanette Miller,Carpoolers
Jennifer Aniston,We're the Millers
Jennifer Aniston,The Insider
Jennifer Aniston,The Rembrandts: I'll Be There for You
Jennifer Aniston,Intimate Portrait
Jennifer Aniston,Melissa Etheridge: I Want to Be in Love
Jennifer Aniston,2020 Golden Globe Awards
Jennifer Aniston,She's Funny That Way
Jennifer Aniston,AFI Life Achievement Award
Jennifer Aniston,Leprechaun
Jennifer Aniston,Guys Choice Awards 2011
Jennifer Aniston,Daybreak
Jennifer Aniston,The Good Girl
Jennifer Aniston,Celebrities Uncensored
Jennifer Aniston,The Bounty Hunter
Jennifer Aniston,Extra with Billy Bush
Jennifer Aniston,Twentieth Century Fox: The Blockbuster Years
Jennifer Aniston,Burke's Law
Jennifer Aniston,Quantum Leap
Jennifer Aniston,Live from Studio Five
Jennifer Aniston,Hollywood Sessions
Jennifer Aniston,The Ms. Moviefone Show
Jennifer Aniston,53rd Annual Golden Globe Awards
Jennifer Aniston,Room 10
Jennifer Aniston,StudioWrap
Jennifer Aniston,Van der Vorst ziet sterren
Jennifer Aniston,The American Cinematheque Tribute to Reese Witherspoon
Jennifer Aniston,God kveld Norge
Jennifer Aniston,Ferris Bueller
Jennifer Aniston,Success Formula
Jennifer Aniston,Joe Bob's Drive-In Theater
Jennifer Aniston,20 to 1
Jennifer Aniston,Molloy
Jennifer Aniston,Hillary! Uncensored: Banned by the Media
Jennifer Aniston,Camp Cucamonga
Jennifer Aniston,It's Good to Be...
Jennifer Aniston,The Late Late Show with James Corden
Jennifer Aniston,Julie Brown (Wilson Phillips): Lucky Day
Jennifer Aniston,Chabad Telethon
Jennifer Aniston,Reinventando Hollywood
Jennifer Aniston,75th Golden Globe Awards
Jennifer Aniston,The Teen Choice Awards 2006
Jennifer Aniston,Mark at the Movies
Jennifer Aniston,Becoming Icizzle
Jennifer Aniston,Too Much TV
Jennifer Aniston,Divas Live: An Honors Concert for VH1 Save the Music
Jennifer Aniston,Exclusiv - Das Star-Magazin
Jennifer Aniston,'Til There Was You
Jennifer Aniston,The Project
Jennifer Aniston,'Office Space': Out of the Office
Jennifer Aniston,Horrible Bosses 2
Jennifer Aniston,A Royal Gala
Jennifer Aniston,Hollywood Couples
Jennifer Aniston,5th Annual Screen Actors Guild Awards
Jennifer Aniston,Movie Surfers: Go Inside Disney's Hercules
Jennifer Aniston,The Oscars
Jennifer Aniston,Up Close with Carrie Keagan
Jennifer Aniston,Brad Pitt & Jennifer Aniston: Hollywood's Couple of the Year
Jennifer Aniston,Comic Relief VII
Jennifer Aniston,The Making of 'Derailed'
Jennifer Aniston,Friends: The Stuff You've Never Seen
Jennifer Aniston,Love Happens
Jennifer Aniston,The Big Give
Jennifer Aniston,The Queen Latifah Show
Jennifer Aniston,WE Day 2018
Jennifer Aniston,Live in Front of a Studio Audience
Jennifer Aniston,Larry King Live
Jennifer Aniston,Friends with Money
Jennifer Aniston,Partners
Jennifer Aniston,American Arts & Culture Presents John Horatio Malkovich 'Dance of Despair & Disillusionment'
Jennifer Aniston,The Ellen DeGeneres Show
Jennifer Aniston,The Oprah Winfrey Show
Jennifer Aniston,The Yellow Birds
Jennifer Aniston,Frühstücksfernsehen
Jennifer Aniston,I Am
Jennifer Aniston,Hope for Haiti Now: A Global Benefit for Earthquake Relief
Jennifer Aniston,Stand Up to Cancer
Jennifer Aniston,Moments Within Moments
Jennifer Aniston,Hail Mary
Jennifer Aniston,ITV Lunchtime News
Jennifer Aniston,Rumor Has It...
Jennifer Aniston,The Tonight Show Starring Jimmy Fallon
Jennifer Aniston,The Break-Up
Jennifer Aniston,Brisant
Jennifer Aniston,Wired Magazine: Jennifer Aniston & Jason Bateman Answer the Web's Most Searched Questions
Jennifer Aniston,101 Sexiest Celebrity Bodies
Jennifer Aniston,72nd Golden Globe Awards
Jennifer Aniston,Celebrity Page
Jennifer Aniston,The 2003 IFP Independent Spirit Awards
Jennifer Aniston,The Thin Pink Line
Jennifer Aniston,Dream for an Insomniac
Jennifer Aniston,The Making of 'The Iron Giant'
Jennifer Aniston,The 60th Primetime Emmy Awards
Jennifer Aniston,Friends
Jennifer Aniston,Kig Ind TV
Jennifer Aniston,The 72nd Primetime Emmy Awards
Jennifer Aniston,Along Came Polly
Jennifer Aniston,We're the Millers: The Miller Makeovers
Jennifer Aniston,Coffee Break
Jennifer Aniston,Film 2018
Jennifer Aniston,TV's 50 Funniest Catch Phrases
Jennifer Aniston,Unity
Jennifer Aniston,T4
Jennifer Aniston,The Rosie O'Donnell Show
Jennifer Aniston,Dirt
Jennifer Aniston,20th Annual Critics' Choice Movie Awards
Jennifer Aniston,TV's Most Memorable Weddings
Jennifer Aniston,The 54th Annual Primetime Emmy Awards
Jennifer Aniston,Lorraine
Jennifer Aniston,The 56th Annual Primetime Emmy Awards
Jennifer Aniston,"Wetten, dass..?"
Jennifer Aniston,The Tonight Show with Conan O'Brien
Jennifer Aniston,Saturday Night Live: The Best of Jimmy Fallon
Jennifer Aniston,Jimmy Kimmel Live!
Jennifer Aniston,He's Just Not That Into You
Jennifer Aniston,Office Space
Jennifer Aniston,Horrible Bosses: My Least Favorite Career
Jennifer Aniston,Tinseltown TV
Jennifer Aniston,The Fabulous Life of
Jennifer Aniston,Biography
Jennifer Aniston,1995 VH1 Honors
Jennifer Aniston,$ellebrity
Jennifer Aniston,The Larry Sanders Show
Jennifer Aniston,Hollywood Insider
Jennifer Aniston,Office Christmas Party: Throwing an Office Christmas Party
Jennifer Aniston,E! News
Jennifer Aniston,20 Years of Must See TV
Jennifer Aniston,The 39th Annual People's Choice Awards
Jennifer Aniston,The View
Jennifer Aniston,Fast Times at Ridgemont High Table Read
Jennifer Aniston,Call Me Crazy: A Five Film
Jennifer Aniston,Saturday Night Live
Jennifer Aniston,The Cove: My Friend is...
Jennifer Aniston,Smartwater: Jennifer Aniston Goes Viral
Jennifer Aniston,On the Money
Jennifer Aniston,Bump & Go
Jennifer Aniston,Bad Hair Days
Jennifer Aniston,The Talk
Jennifer Aniston,Good Morning Britain
Jennifer Aniston,The 10th Annual American Comedy Awards
Jennifer Aniston,Freedom: A History of US
Jennifer Aniston,Jenseits der Alpen
Jennifer Aniston,The 33rd Annual People's Choice Awards
Jennifer Aniston,The 26th Annual Screen Actors Guild Awards
Jennifer Aniston,Just Go with It
Jennifer Aniston,MADtv
Jennifer Aniston,Entertainment Tonight Canada
Jennifer Aniston,Larry King Live: The Greatest Interviews
Jennifer Aniston,Behind Closed Doors
Jennifer Aniston,SmartLess
Jennifer Aniston,Días de cine
Jennifer Aniston,Jerry Lewis MDA Labor Day Telethon
Jennifer Aniston,WGN Morning News
Jennifer Aniston,Corazón de...
Jennifer Aniston,Cinemassacre's Monster Madness
Jennifer Aniston,The E! People's Choice Awards
Jennifer Aniston,ES.TV HD
Jennifer Aniston,The Early Show
Jennifer Aniston,Leute heute
Jennifer Aniston,Top 10 Beyond the Screen
Jennifer Aniston,Welcome to the Basement
Jennifer Aniston,The 29th Annual People's Choice Awards
Jennifer Aniston,Life of Crime
Jennifer Aniston,Muddling Through
Jennifer Aniston,Bruce Almighty
Jennifer Aniston,2000 MTV Movie Awards
Jennifer Aniston,Tudum
Jennifer Aniston,101 Biggest Celebrity Oops
Jennifer Aniston,The Tonight Show with Jay Leno
Jennifer Aniston,The 37th Annual People's Choice Awards
Jennifer Aniston,The 67th Annual Golden Globe Awards
Jennifer Aniston,The 11th Annual Television Critics Association Awards
Jennifer Aniston,The Switch
Jennifer Aniston,Friends: The Reunion
Jennifer Aniston,CBS News Sunday Morning
Jennifer Aniston,Shelter from the Storm: A Concert for the Gulf Coast
Jennifer Aniston,The 47th Annual Primetime Emmy Awards
Jennifer Aniston,Love Happens: Deleted Scenes
Jennifer Aniston,The Oscars Red Carpet Live
Jennifer Aniston,The Making of 'the Break-Up'
Jennifer Aniston,The 21st Annual Screen Actors Guild Awards
Jennifer Aniston,Tell
Jennifer Aniston,The 21st Annual People's Choice Awards
Jennifer Aniston,Reel Junkie
Jennifer Aniston,Wanderlust
Jennifer Aniston,Growing Up Grizzly 2
Jennifer Aniston,Comic Relief 2009
Jennifer Aniston,Rachael Ray
Jennifer Aniston,Made in Hollywood: Teen Edition
Jennifer Aniston,Rank
Jennifer Aniston,2014 MTV Movie Awards
Jennifer Aniston,The 59th Annual Golden Globe Awards
Jennifer Aniston,After Lately
Jennifer Aniston,VH1 News Presents
Jennifer Aniston,The Dr. Oz Show
Jennifer Aniston,The 60th Annual Golden Globe Awards 2003
Jennifer Aniston,Morning Express with Robin Meade
Jennifer Aniston,C à vous
Jennifer Aniston,Burning Love
Jennifer Aniston,Abby Singer
Jennifer Aniston,21st Annual Critics' Choice Awards
Jennifer Aniston,Maury
Jennifer Aniston,The Object of My Affection
Jennifer Aniston,Stars on Trial
Jennifer Aniston,Made in Hollywood
Jennifer Aniston,50 Most Awesomely Bad Songs... Ever
Jennifer Aniston,IMDb: What to Watch
Jennifer Aniston,Entertainment Tonight
Jennifer Aniston,Rock Star
Jennifer Aniston,This Morning
Jennifer Aniston,Murder Mystery
Jennifer Aniston,The 22nd Annual Daytime Emmy Awards
Jennifer Aniston,Inside the Actors Studio
Jennifer Aniston,The 61st Annual Golden Globe Awards 2004
Jennifer Aniston,Getaway
Jennifer Aniston,Socialité
Jennifer Aniston,Miller's Unleashed: Outtakes Overload
Jennifer Aniston,Today
Jennifer Aniston,The Reichen Show
Jennifer Aniston,Marley & Me
Reg Rogers,Great Performances
Jennifer Aniston,South Park
Jennifer Aniston,Horrible Bosses
Jennifer Aniston,Memory Hole
Jennifer Aniston,Close Up with the Hollywood Reporter
Reg Rogers,NOS4A2
Reg Rogers,Analyze That
Reg Rogers,Blue Bloods
Jennifer Aniston,NBC 75th Anniversary Special
Jennifer Aniston,Headlines on Trial
Jennifer Aniston,The Late Show with Stephen Colbert
Jennifer Aniston,Sunday Funnies
Jennifer Aniston,The Gong Show
Jennifer Aniston,The Edge
Jennifer Aniston,The 27th Annual People's Choice Awards
Jennifer Aniston,Waiting for Woody
Jennifer Aniston,L'antre du Mea
Jennifer Aniston,HLN News Now
Reg Rogers,The 50th Annual Tony Awards
Reg Rogers,You
Reg Rogers,The End of Violence
Reg Rogers,I'll Take You There
Reg Rogers,El cielo es azul
Reg Rogers,Law & Order: Criminal Intent
Reg Rogers,Little Girl Blue
Reg Rogers,Boardwalk Empire
Reg Rogers,The Guitar
Reg Rogers,Uncommon Sense
Reg Rogers,Bull
Reg Rogers,The Knick
Jennifer Aniston,The Zen Diaries of Garry Shandling
Jennifer Aniston,Le grand journal de Canal+
Jennifer Aniston,Late Show with David Letterman
Jennifer Aniston,Central Casting
Jennifer Aniston,Richard & Judy
Jennifer Aniston,CBS This Morning
Jennifer Aniston,TV's All-Time Funniest: A Paley Center for Media Special
Jennifer Aniston,Tom Petty and the Heartbreakers: Walls
Jennifer Aniston,Close Up
Jennifer Aniston,2009 Vanity Fair Oscar Party
Jennifer Aniston,Variety Studio: Actors on Actors
Jennifer Aniston,The Chris Moyles Show on Radio X
Jennifer Aniston,Being Mean Is So Much Fun
Jennifer Aniston,Talking Movies
Jennifer Aniston,The 26th Annual People's Choice Awards
Jennifer Aniston,The 52nd Annual Primetime Emmy Awards
Jeff Brooks,You Can Be Anything
Reg Rogers,Miss Match
Reg Rogers,Friends
Reg Rogers,TURN: Washington's Spies
Reg Rogers,Last Time We Checked
Reg Rogers,Hell on Wheels
Reg Rogers,Instinct
Reg Rogers,The Good Wife
Reg Rogers,Georgetown
Jennifer Aniston,The Morning Show
Jennifer Aniston,Jennifer Aniston - Hollywoods einsame Traumfrau
Jennifer Aniston,The Making of 'Friends with Money'
Jennifer Aniston,Between Two Ferns with Zach Galifianakis
Jennifer Aniston,E! True Hollywood Story
Jennifer Aniston,Music
Jennifer Aniston,Ellen's Greatest Night of Giveaways
Jennifer Aniston,Stories from the Road: The Making of 'We're the Millers'
Jennifer Aniston,Must See TV: A Tribute to James Burrows
Jennifer Aniston,Chelsea
Jennifer Aniston,KPNX-TV Channel 12
Jennifer Aniston,Picture Perfect
Jennifer Aniston,Salty Cracker
Jennifer Aniston,Microsoft Windows 95 Video Guide
Jeff Brooks,Barney & Friends
Jeff Brooks,The Boys of Sunset Ridge
Jeff Brooks,Barney's Night Before Christmas
Jeff Brooks,My Party with Barney
Jeff Brooks,Barney's Sense-Sational Day
Jeff Brooks,The Ellen Burstyn Show
Jeff Brooks,ER
Jeff Brooks,Barney's Great Adventure
Jeff Brooks,The Cosby Mysteries
Jeff Brooks,Barney's 1-2-3-4 Seasons
Jeff Brooks,Barney's Dino Dancin' Tunes
Jeff Brooks,Julie & Julia
Jeff Brooks,"Be My Valentine, Love Barney"
Jeff Brooks,Barney's Camp WannaRunnaRound
Jeff Brooks,Barney Safety
Reg Rogers,Runaway Bride
Reg Rogers,Chicago Hope
Reg Rogers,Lipstick Jungle
Reg Rogers,Broadway.com #LiveatFive
Reg Rogers,The Americans
Reg Rogers,Jesse Stone: Stone Cold
Reg Rogers,Four Lane Highway
Reg Rogers,Attila
Reg Rogers,The Wedding Weekend
Reg Rogers,CSI: Crime Scene Investigation
Reg Rogers,Chicago 10
Reg Rogers,The Code
Reg Rogers,The Photographer
Reg Rogers,I Shot Andy Warhol
Reg Rogers,Touched by an Angel
Reg Rogers,Manhunt 2
Jennifer Aniston,Office Christmas Party
Jennifer Aniston,People Magazine Awards
Jennifer Aniston,HBO First Look
Jennifer Aniston,Untitled Jennifer Aniston/Sophie Goodhart Project
Jennifer Aniston,Management
Jennifer Aniston,The Drew Barrymore Show
Jennifer Aniston,Friends: The One Before the Last One - Ten Years of Friends
Jennifer Aniston,The 51st Annual Primetime Emmy Awards
Jennifer Aniston,Primetime
Jennifer Aniston,Quelli che... il calcio
Jennifer Aniston,The '90s Greatest
Jennifer Aniston,The 78th Annual Academy Awards
Jeff Brooks,Barney's Super Singing Circus
Jeff Brooks,Barney: Let's Go to the Zoo
Jeff Brooks,Friends
Jeff Brooks,Barney in Outer Space
Jeff Brooks,HiT Entertainment Children's Favorites: Vol 1
Jeff Brooks,The Secret of My Success
Jeff Brooks,Barney: Let's Go to the Beach!
Jeff Brooks,Barney: Let's Play School!
Jeff Brooks,Barney's Stu-u-upendous Puzzle Fun!
Jeff Brooks,The Good Wife
Jeff Brooks,Barney Songs
Jeff Brooks,More Barney Songs
Jeff Brooks,Barney: Fun on Wheels
Jeff Brooks,Jesse
Reg Rogers,Scoundrels
Reg Rogers,Lovely by Surprise
Reg Rogers,Ed
Reg Rogers,Get Well Soon
Reg Rogers,Eyes
Reg Rogers,Law & Order: Special Victims Unit
Reg Rogers,'Til There Was You
Reg Rogers,Independent Lens
Reg Rogers,Mercy Street
Reg Rogers,Elementary
Reg Rogers,Elsa & Fred
Jennifer Aniston,2012 MTV Movie Awards
Jennifer Aniston,Murder Mystery 2
Jennifer Aniston,The Big Fat Quiz of the 90s
Jennifer Aniston,TPMP Elles refont la télé
Jennifer Aniston,It Can't Wait
Jennifer Aniston,Ellen
Jennifer Aniston,Inside Edition
Jennifer Aniston,Taff
Jennifer Aniston,Late Night with Conan O'Brien
Jennifer Aniston,Cinema 3
Jennifer Aniston,Weekend Today
Jennifer Aniston,MTV Icon: Aerosmith
Jennifer Aniston,Revealed with Jules Asner
Jennifer Aniston,Live with Kelly and Ryan
Jennifer Aniston,The 81st Annual Academy Awards
Jennifer Aniston,Xposé
Jennifer Aniston,Chabad: To Life Telethon
Jennifer Aniston,Cake
Jeff Brooks,Barney's Adventure Bus
Jeff Brooks,The Bonfire of the Vanities
Jeff Brooks,Law & Order: Special Victims Unit
Jeff Brooks,Wishful Whiskers
Jeff Brooks,Barney's Halloween Party
Jeff Brooks,The Days and Nights of Molly Dodd
Jeff Brooks,Barney Live! In New York City
Jeff Brooks,Barney's Pajama Party
Jeff Brooks,Come on Over to Barney's House
Jeff Brooks,Free Willy 2: The Adventure Home
Reg Rogers,Primal Fear
Reg Rogers,The Grote-est Showman
Reg Rogers,The Closer
Reg Rogers,Jump
Reg Rogers,Igby Goes Down
Reg Rogers,Flesh and Bone
Reg Rogers,Law & Order
Reg Rogers,The Blacklist
Reg Rogers,Them
Reg Rogers,"If You Lived Here, You'd Be Home Now"
Jennifer Aniston,Access Hollywood
Jennifer Aniston,Cougar Town
Jennifer Aniston,The Iron Giant
Jennifer Aniston,SAG Foundation Conversations
Jennifer Aniston,Good Morning America
Jennifer Aniston,Mac and Me
Jennifer Aniston,Late Night with Jimmy Fallon
Jennifer Aniston,A Journey to Sundance
Jennifer Aniston,18th Annual GLAAD Media Awards
Jennifer Aniston,E! Live from the Red Carpet
Jennifer Aniston,Dark Tourist
Jennifer Aniston,King of the Hill
Jennifer Aniston,Storks
Jennifer Aniston,Five
Jennifer Aniston,Hercules
Jennifer Aniston,Attack of the Show!
Jennifer Aniston,30 Rock
Jeff Brooks,Barney: Rhyme Time Rhythm
Jeff Brooks,I.Q.
Jeff Brooks,Almost There!
Jeff Brooks,Walk Around the Block with Barney
Jeff Brooks,Sing and Dance with Barney
Jeff Brooks,Law & Order
Jeff Brooks,Barney: What a World We Share
Jeff Brooks,Barney's Musical Scrapbook
Jeff Brooks,Bedtime with Barney: Imagination Island
Jeff Brooks,Barney: A Very Merry Christmas: The Movie
Jeff Brooks,FBI: Most Wanted
Jeff Brooks,Barney's Fun & Games
Jennifer Aniston,Conan
Jennifer Aniston,Mother's Day
Jennifer Aniston,TV total
Jennifer Aniston,The American Cinematheque Tribute to Ben Stiller
Jennifer Aniston,Forbes Celebrity 100: Who Made Bank?
Jennifer Aniston,Herman's Head
Jennifer Aniston,Red Nose Day
Jennifer Aniston,The 55th Annual Primetime Emmy Awards
Jennifer Aniston,9th Annual Screen Actors Guild Awards
Jennifer Aniston,The 2004 IFP/West Independent Spirit Awards
Jennifer Aniston,Weddings of a Lifetime
Jennifer Aniston,The Graham Norton Show
Jennifer Aniston,She's the One
Jennifer Aniston,Let Me Explain
Jennifer Aniston,Friends Final Thoughts
Jennifer Aniston,Brewer Breakfast
Jennifer Aniston,Friends Gag Reel: Season 9
Jennifer Aniston,Jimmy Kimmel's the Terrific Ten
Jennifer Aniston,E! Behind the Scenes
Jennifer Aniston,Dumplin'
Jennifer Aniston,The Daily Show
Jennifer Aniston,Dish Nation
Jennifer Aniston,Forbes 20 Richest Women in Entertainment
Jennifer Aniston,Chelsea Lately
Jennifer Aniston,Journey to Sundance
Jennifer Aniston,52 Most Irresistible Women
Jennifer Aniston,Live in Front of a Studio Audience: 'The Facts of Life' and 'Diff'rent Strokes'
Jennifer Aniston,Shirtless: Hollywood's Sexiest Men
Jennifer Aniston,Breakfast
Jennifer Aniston,Derailed
Jennifer Aniston,History of the Sitcom
Jennifer Aniston,6th Annual Screen Actors Guild Awards
Jennifer Aniston,Icizzle Presents Dog IDS
Jennifer Aniston,Guys Choice Awards 2013
Jennifer Aniston,The More You Know
Jennifer Aniston,El hormiguero
Jennifer Aniston,Steven Spielberg's Director's Chair
Sam McMurray,Kojak
Sam McMurray,The Front
Sam McMurray,Holiday Engagement
Sam McMurray,A Little Help
Sam McMurray,Americons
Sam McMurray,Deadly Games
Sam McMurray,Dinosaurs
Sam McMurray,Grace and Frankie
Sam McMurray,The Munsters' Scary Little Christmas
Sam McMurray,Out of the Darkness
Sam McMurray,Killer Pad
Sam McMurray,True Colors
Sam McMurray,Serial Scoop Now
Sam McMurray,The Ropers
Sam McMurray,Meet Monica Velour
Sam McMurray,Freaks and Geeks
Sam McMurray,Baby Geniuses
Sam McMurray,Touched by an Angel
Lisa Avery,The Shrink Is In
Sam McMurray,Blossom
Sam McMurray,Matlock
Sam McMurray,Cruel But Necessary
Sam McMurray,Mom
Sam McMurray,Recess: Taking the Fifth Grade
Sam McMurray,Spin City
Sam McMurray,Hard Time on Planet Earth
Sam McMurray,Ring of Death
Sam McMurray,The Good Fight
Sam McMurray,Living Single
Sam McMurray,The Golden Girls
Sam McMurray,Justice League Unlimited
Sam McMurray,The Mod Squad
Sam McMurray,Tracey Ullman: Backstage
Sam McMurray,The Zeta Project
Lisa Avery,Weather Girl
Lisa Avery,Honey Moonerz
Lisa Avery,The Get
Lisa Avery,Sweet Friggin' Daisies
Lisa Avery,Friends
Lisa Avery,Living in Fear
Lisa Avery,Blind Obsession
Lisa Avery,Man with a Plan
Lisa Avery,Crowded
Lisa Avery,Scream 3
Lisa Avery,She's No Angel
Lisa Avery,Cougar Town
Lisa Avery,Hannah Royce's Questionable Choices
Lisa Avery,Facing the Enemy
Lisa Avery,The Edge of Her Mind Anthology: Her Movies Vol 1
Lisa Avery,Joey
Sam McMurray,Out to Lunch
Sam McMurray,Cold Case
Sam McMurray,Klaus
Sam McMurray,"Tennis, Anyone...?"
Sam McMurray,Stone Cold
Sam McMurray,Rugrats
Sam McMurray,Matt Waters
Sam McMurray,Free for All
Sam McMurray,Murder in the First
Sam McMurray,Lucky Numbers
Sam McMurray,Parker Lewis Can't Lose
Sam McMurray,Lake Placid 2
Sam McMurray,Pinky and the Brain
Sam McMurray,Savage
Sam McMurray,ER
Sam McMurray,Hey Arnold!
Sam McMurray,Deadline
Sam McMurray,The Pretender
Sam McMurray,NCIS
Lisa Avery,Dirt
Lisa Avery,Tenacious D in the Pick of Destiny
Sam McMurray,The Hope Division
Sam McMurray,Little Vegas
Sam McMurray,Unbreakable Kimmy Schmidt
Sam McMurray,Soccer Dog: The Movie
Sam McMurray,The New Batman Adventures
Sam McMurray,Lights Out
Sam McMurray,Grand
Sam McMurray,NYPD Blue
Sam McMurray,Ray's Male Heterosexual Dance Hall
Sam McMurray,Batman Beyond: The Movie
Sam McMurray,Scary Shit
Sam McMurray,Boys & Girls
Sam McMurray,Ghosted
Sam McMurray,Elementary
Sam McMurray,State of the Union
Sam McMurray,2nd Serve
Sam McMurray,The Best of the Tracey Ullman Show
Sam McMurray,The Angry Beavers
Sam McMurray,Medicine Ball
Sam McMurray,Class Act
Sam McMurray,"Take My Daughters, Please"
Sam McMurray,Getting Even with Dad
Sam McMurray,Law & Order: Justice Is Served
Sam McMurray,Cosby
Sam McMurray,Attack of the 5 Ft. 2 Women
Sam McMurray,The Critic
Sam McMurray,Batman: The Dark Knight Returns
Sam McMurray,Love & Other Unstable States of Matter
Sam McMurray,The Tick
Sam McMurray,Party of Five
Sam McMurray,Aaahh!!! Real Monsters
Sam McMurray,Moonlighting
Sam McMurray,Baker's Dozen
Sam McMurray,Scandal
Sam McMurray,Chicago Hope
Sam McMurray,Cristela
Sam McMurray,Who's the Boss?
Sam McMurray,Blue-Eyed Butcher
Sam McMurray,Devious Maids
Sam McMurray,Head Case
Sam McMurray,Wishcraft
Sam McMurray,Batman Beyond
Sam McMurray,Stand by Your Man
Sam McMurray,McBride: Anybody Here Murder Marty?
Sam McMurray,Bull
Sam McMurray,Desperate Housewives
Sam McMurray,Carlo's Wake
Sam McMurray,"Batman: The Dark Knight Returns, Part 1"
Sam McMurray,The Sopranos
Sam McMurray,ABC Afterschool Specials
Sam McMurray,Our Almost Completely True Story
Sam McMurray,The Sidekick
Sam McMurray,You Again?
Sam McMurray,Union City
Sam McMurray,Reba
Sam McMurray,Hill Street Blues
Sam McMurray,Malcolm in the Middle
Sam McMurray,True Crime: New York City
Sam McMurray,Recess
Sam McMurray,Fast Forward
Sam McMurray,Head of the Class
Sam McMurray,The Suite Life of Zack & Cody
Sam McMurray,Bonkers
Sam McMurray,Easy Street
Sam McMurray,The Jeffersons
Sam McMurray,"It's Like, You Know..."
Sam McMurray,Pearl
Sam McMurray,As Told by Ginger
Sam McMurray,Boston Legal
Sam McMurray,Pearly Gates
Sam McMurray,Drop Dead Gorgeous
Sam McMurray,Batman: The Animated Series
Sam McMurray,Dear John
Sam McMurray,"Yes, Dear"
Sam McMurray,The King of Queens
Sam McMurray,The Tonight Show with Jay Leno
Sam McMurray,Pound Puppies
Sam McMurray,Recess: All Growed Down
Sam McMurray,Addams Family Values
Sam McMurray,Miss Nobody
Sam McMurray,Command & Conquer: Red Alert 2
Sam McMurray,The Secret Life of the American Teenager
Sam McMurray,Sibs
Sam McMurray,Huff
Sam McMurray,Sunshine State
Sam McMurray,Likely Suspects
Sam McMurray,Hands of a Stranger
Sam McMurray,The Tracey Ullman Show
Sam McMurray,Baby It's You
Sam McMurray,Soul Man
Sam McMurray,Confessions of an Action Star
Sam McMurray,National Lampoon's Christmas Vacation
Sam McMurray,Kevin Pollak's Chat Show
Sam McMurray,The Amati Girls
Sam McMurray,Wendell and Vinnie
Sam McMurray,"Cupid, Inc."
Sam McMurray,The Fosters
Sam McMurray,Diagnosis Murder
Sam McMurray,Johnny Bravo
Sam McMurray,Recess Christmas: Miracle on Third Street
Sam McMurray,L.A. Story
Sam McMurray,Raising Hope
Sam McMurray,Breaking Bad
Sam McMurray,Civil Wars
Sam McMurray,Married... with Children
Sam McMurray,Adam: His Song Continues
Sam McMurray,The Simpsons
Sam McMurray,Tracey Takes On...
Sam McMurray,Down the Shore
Sam McMurray,21 Jump Street
Sam McMurray,Not Necessarily the News
Sam McMurray,Glenn Martin DDS
Sam McMurray,Friends
Sam McMurray,Home Improvement
Sam McMurray,Lone Star State of Mind
Sam McMurray,Stealing Sinatra
Sam McMurray,Slappy and the Stinkers
Sam McMurray,United We Fall
Sam McMurray,Jenny's Wedding
Sam McMurray,Raising Arizona
Sam McMurray,Dear God
Sam McMurray,Sunset Overdrive
Sam McMurray,A League of Their Own
Sam McMurray,The Wild Thornberrys
Sam McMurray,The Craigslist Killer
Sam McMurray,Ohara
Sam McMurray,C.H.U.D.
Sam McMurray,Law & Order: Special Victims Unit
Sam McMurray,Empty Nest
Sam McMurray,The Edge of Night
Sam McMurray,Command & Conquer: Yuri's Revenge
Sam McMurray,That '70s Show
Sam McMurray,The Boondocks
Sam McMurray,Tracey Ullman in the Trailer Tales
Sam McMurray,Greetings from Tucson
Sam McMurray,Road Hard
Sam McMurray,Maybe This Time
Sam McMurray,The A Plate
Sam McMurray,Wings
Sam McMurray,Lloyd in Space
Sam McMurray,Star Wars: The Empire Strikes Back - The Original Radio Drama
Sam McMurray,Masters of Sex
Sam McMurray,Then We Got Help!
Sam McMurray,Miami Vice
Sam McMurray,Head Cases
Sam McMurray,Ryan's Hope
Sam McMurray,The Wizard
Sam McMurray,Grey's Anatomy
Sam McMurray,A Christmas Too Many
Sam McMurray,The Lot
Dina Meyer,Stranger Than Fiction
Dina Meyer,Time Lapse
Dina Meyer,The Glades
Dina Meyer,Undertow
Dina Meyer,Miss Match
Dina Meyer,Secret Agent Man
Dina Meyer,Lethal Seduction
Dina Meyer,You Don't Nomi
Dina Meyer,His and Her Christmas
Dina Meyer,Blade Runner: Revelations
Dina Meyer,'Bats' Abound
Dina Meyer,CSI: Miami
Dina Meyer,The Mentalist
Dina Meyer,All Rise
Dina Meyer,Michael Hayes
Dina Meyer,Deception
Dina Meyer,Web of Desire
Dina Meyer,All American
Dina Meyer,Crimes of Passion
Dina Meyer,Deadly Little Secrets
Dina Meyer,Unbelievable!!!!!
Dina Meyer,The Making of 'Dragonheart'
Dina Meyer,Saw IV
George Newbern,If These Walls Could Talk 2
Dina Meyer,Ally McBeal
Dina Meyer,Christmas in Palm Springs
Dina Meyer,Fatal Secrets
Dina Meyer,Fortune Cookie
Dina Meyer,Con Man
Dina Meyer,Birds of Prey
Dina Meyer,NCIS
Dina Meyer,The Outer Limits
Dina Meyer,Code Black
Dina Meyer,Burn Notice
Dina Meyer,Wild Things: Diamonds in the Rough
Dina Meyer,Charlie's Angels
Dina Meyer,Crazy Eights
Dina Meyer,Howard Stern
Dina Meyer,Clarity
Dina Meyer,Unspeakable
Dina Meyer,Poodle Springs
Dina Meyer,Death from Above: The Making of 'Starship Troopers'
George Newbern,Justice League vs the Fatal Five
George Newbern,Witness to the Execution
George Newbern,Jericho
George Newbern,Promised Land
George Newbern,The Lyon's Den
George Newbern,I Spy Returns
George Newbern,Bob
George Newbern,Jimmy Kimmel Live!
George Newbern,Dissidia Final Fantasy NT
George Newbern,Inside of You with Michael Rosenbaum
George Newbern,Santa Paws 2: The Santa Pups
George Newbern,The Best of Superman
George Newbern,Far Harbor
George Newbern,Poochinski
George Newbern,El Magacine
George Newbern,Touched by an Angel
George Newbern,Buffalo Dreams
George Newbern,Biography
Dina Meyer,AmeriGeddon
Dina Meyer,The Crooked Man
Dina Meyer,Starship Troopers
Dina Meyer,Starship Troopers: Traitor of Mars
Dina Meyer,The Magicians
Dina Meyer,The Boy Next Door
Dina Meyer,Evil Doctor
Dina Meyer,The Evil Within
Dina Meyer,Dead in Tombstone
Dina Meyer,Decoys 2: Alien Seduction
Dina Meyer,Star Trek: Nemesis
Dina Meyer,Sequestered
Dina Meyer,The Late Late Show with Craig Kilborn
Dina Meyer,DragonHeart
Dina Meyer,Truth & Lies
Dina Meyer,Nowhere Land
Dina Meyer,Saw II
Dina Meyer,Golden Shoes
Dina Meyer,Eye See You
Dina Meyer,Criminal Minds
Dina Meyer,Breach
Dina Meyer,Thief
George Newbern,Dissidia: Final Fantasy
George Newbern,CSI: Miami
George Newbern,The Mentalist
George Newbern,Numb3rs
George Newbern,Entertainment Tonight
George Newbern,Justice League Unlimited
George Newbern,VideoGameDunkey
George Newbern,Unstable
George Newbern,Saw VI
George Newbern,Las Vegas
George Newbern,Cold Case
George Newbern,Dirty John
George Newbern,Miami Medical
George Newbern,Family Ties
George Newbern,Dissidia 012: Final Fantasy
George Newbern,Reunion
George Newbern,Twice Upon a Time
George Newbern,Justice League: Throne of Atlantis
Dina Meyer,Monk
Dina Meyer,Six Feet Under
Dina Meyer,The Affair
Dina Meyer,NCIS: Los Angeles
Dina Meyer,The Receipt
Dina Meyer,VideoDome Rent-O-Rama
Dina Meyer,Showbiz Today
Dina Meyer,CSI: Crime Scene Investigation
Dina Meyer,The Movie Hero
Dina Meyer,Saw
Dina Meyer,Turbulence
Dina Meyer,The Wrong Woman
Dina Meyer,Untitled Allan Loeb Project
Dina Meyer,90210
Dina Meyer,Piranha 3D
Dina Meyer,Point Pleasant
Dina Meyer,The Flash
Dina Meyer,The Tonight Show with Jay Leno
Dina Meyer,Johnny Mnemonic
Dina Meyer,Castle
George Newbern,CSI: NY
George Newbern,Batman: Gotham Knight
George Newbern,Dinner at Tiffani's
George Newbern,Father of the Bride Part 3 (ish)
George Newbern,The Assignment
George Newbern,NCIS
George Newbern,The Outer Limits
George Newbern,Cupid
George Newbern,Crazy Eights
George Newbern,Justice League: War
George Newbern,Injustice 2
George Newbern,The Heart of Christmas
George Newbern,Superman vs. The Elite
George Newbern,Kingdom Hearts II: Final Mix+
George Newbern,Access Hollywood
George Newbern,Brahmin Bulls
George Newbern,Hot in Cleveland
George Newbern,The Sons of Mistletoe
George Newbern,Dadnapped
George Newbern,Final Fantasy X-2
George Newbern,Friends & Lovers
Dina Meyer,Going to Pieces: The Rise and Fall of the Slasher Film
Dina Meyer,Federal Protection
Dina Meyer,American Horror Story
Dina Meyer,Nip/Tuck
Dina Meyer,A Dogwalker's Christmas Tale
Dina Meyer,Line of Duty
Dina Meyer,Girlfriend Killer
Dina Meyer,Strapped
Dina Meyer,Friends
Dina Meyer,Making of 'Johnny Mnemonic'
Dina Meyer,Imaginary Playmate
Dina Meyer,Scoundrels
Dina Meyer,The Unwilling
Dina Meyer,Ancient Space
Dina Meyer,A Picture Perfect Holiday
Dina Meyer,Bats
Dina Meyer,Saw III
George Newbern,Kingdom Hearts HD 1.5 + 2.5 Remix
George Newbern,The Boys Are Back
George Newbern,A Part of the Family
George Newbern,Medium
George Newbern,Today
George Newbern,Kingdom Hearts HD 2.5 Remix
George Newbern,Kingdom Hearts II
George Newbern,Courthouse
George Newbern,Final Fantasy VII: Advent Children
George Newbern,Designing Women
George Newbern,Injustice: Gods Among Us
George Newbern,Mebiusu Fainaru fantajî
George Newbern,Providence
George Newbern,Granite Flats
George Newbern,Scandal
George Newbern,Chicago Hope
George Newbern,GeekRockTV
George Newbern,Little Sister
George Newbern,Doorways
George Newbern,The Batman
Dina Meyer,The Lost
Dina Meyer,"Beverly Hills, 90210"
Dina Meyer,Riddles of the Sphinx
Dina Meyer,FedCon XXII
Dina Meyer,Kingdom
Dina Meyer,Fishes 'n Loaves: Heaven Sent
Dina Meyer,Nightshade
George Newbern,Journeyman
George Newbern,Criminal Minds
George Newbern,Brimming with Love
George Newbern,Theodore Rex
George Newbern,Suite 7
George Newbern,Justice League
George Newbern,Bull
George Newbern,Veiled Truth
George Newbern,Switching Channels
George Newbern,Buried Treasure
George Newbern,A Dennis the Menace Christmas
George Newbern,Home & Family
George Newbern,"Kids' Ten Commandments: Stolen Jewels, Stolen Hearts"
George Newbern,My Little Girl
George Newbern,It Takes Two
George Newbern,DC Showcase Original Shorts Collection
George Newbern,Big Love
George Newbern,The Ellen DeGeneres Show
George Newbern,The Magical World of Disney
George Newbern,CSI: Crime Scene Investigation
George Newbern,Web of Spies
George Newbern,Pup Star
George Newbern,Ghost Whisperer
George Newbern,Torch Song
George Newbern,Adventures from the Book of Virtues
George Newbern,"The Brotherhood of Poland, New Hampshire"
George Newbern,Specifically
George Newbern,Talkin' Toons
George Newbern,Boston Legal
George Newbern,"Same Time, Next Christmas"
George Newbern,Adventures in Babysitting
George Newbern,Grimm
George Newbern,Supertruck
George Newbern,Without a Trace
George Newbern,From the Earth to the Moon
George Newbern,Bleach: Shattered Blade
George Newbern,Next of Kin
George Newbern,Superman/Shazam!: The Return of Black Adam
George Newbern,Castle
George Newbern,MultiVersus
George Newbern,The Evening Star
George Newbern,Perversions of Science
George Newbern,The Patient
George Newbern,Johnny Bravo
George Newbern,Private Practice
George Newbern,Nip/Tuck
George Newbern,Sublime
George Newbern,American Experience
George Newbern,Pup Star: World Tour
George Newbern,The Simple Life of Noah Dearborn
George Newbern,Father of the Bride
George Newbern,The Blue and the Gray
George Newbern,Friends
George Newbern,Crisis Core: Final Fantasy VII
George Newbern,Working Girl
George Newbern,The Pirates of Dark Water
George Newbern,DC Universe Online
George Newbern,Stars in the House
George Newbern,Monster High: Escape from Skull Shores
George Newbern,Fireflies in the Garden
George Newbern,Timeless Tales from Hallmark
George Newbern,3 Day Test
George Newbern,Law & Order: Special Victims Unit
George Newbern,Doppelganger
George Newbern,Scandal: Gladiator Wanted
George Newbern,Code Name: S.T.E.A.M.
George Newbern,Father of the Bride Part II
George Newbern,Star Wars: The Old Republic
George Newbern,Paramedics
George Newbern,Puppy Star Christmas
George Newbern,Static Shock
George Newbern,Grey's Anatomy
George Newbern,Ben 10: Alien Force
George Newbern,The Cleaner
George Newbern,Let's Dive In
Rick Pasqualone,General Hospital
Rick Pasqualone,Max
Rick Pasqualone,Mafia II
Rick Pasqualone,My Loft
Rick Pasqualone,Love Boat: The Next Wave
Rick Pasqualone,Batman: Arkham Knight
Rick Pasqualone,Vic's Cafe
Rick Pasqualone,The Godfather II: Crime Rings
Rick Pasqualone,Dead to Rights: Retribution
Rick Pasqualone,The Matrix: Path of Neo
Rick Pasqualone,The Young and the Restless
Rick Pasqualone,Star Trek: Deep Space Nine
Rick Pasqualone,Command & Conquer 3: Kane's Wrath
Rick Pasqualone,The Death and Return of Superman
Rick Pasqualone,Mafia III
Rick Pasqualone,Mafia: Definitive Edition
Rick Pasqualone,Childrens Hospital
Rick Pasqualone,JAG
Rick Pasqualone,Ace Combat: Assault Horizon
Rick Pasqualone,Leisure Suit Larry: Box Office Bust
Rick Pasqualone,Charmed
Rick Pasqualone,Celebrity Deathmatch
Rick Pasqualone,Infinite
Rick Pasqualone,The Bureau: XCOM Declassified
Rick Pasqualone,Transformers: Robots in Disguise
Rick Pasqualone,The Darkness II
Rick Pasqualone,Watch Dogs
Rick Pasqualone,Mother/Android
Rick Pasqualone,The Godfather II
Rick Pasqualone,Civilization V
Rick Pasqualone,Space Ranger: A Documentary
Rick Pasqualone,CSI: NY
Rick Pasqualone,Romy and Michele's High School Reunion
Rick Pasqualone,Cagney & Lacey: The Return
Rick Pasqualone,The Syndicate
Rick Pasqualone,NCIS
Rick Pasqualone,Melissa & Joey
Rick Pasqualone,Fallout: New Vegas - Honest Hearts
Rick Pasqualone,Halo 5: Guardians
Rick Pasqualone,Marvel Heroes
Rick Pasqualone,NYPD Blue
Rick Pasqualone,Sam's Circus
Rick Pasqualone,Hardcore TV
Rick Pasqualone,Cosmos: Possible Worlds
Rick Pasqualone,Hop
Rick Pasqualone,Family Guy
Rick Pasqualone,USA High
Rick Pasqualone,My Brother Jack
Rick Pasqualone,inFamous
Rick Pasqualone,Miami Animal Police
Rick Pasqualone,Army of Two: The 40th Day
Rick Pasqualone,Megamind
Rick Pasqualone,Mank
Rick Pasqualone,Vengeance Unlimited
Rick Pasqualone,Ninety-Nine Nights II
Rick Pasqualone,The SpongeBob Movie: Sponge on the Run
Rick Pasqualone,The Marcus Garvey Story
Rick Pasqualone,Ultimate Marvel vs. Capcom 3
Rick Pasqualone,Falcone
Rick Pasqualone,Desperate Housewives
Rick Pasqualone,Hometown Hero
Rick Pasqualone,Tales of Erotica
Rick Pasqualone,Deadly Devotion
Rick Pasqualone,One Bad Choice
Rick Pasqualone,CSI: Crime Scene Investigation
Valerie Anastasias,"The Courageous, the Forgotten"
Valerie Anastasias,Criminal Minds
Valerie Anastasias,Friends
Rick Pasqualone,All My Children
Rick Pasqualone,Sophie
Rick Pasqualone,Black
Rick Pasqualone,Megamind: Mega Team Unite
Rick Pasqualone,King's Quest
Rick Pasqualone,Bad Times at the El Royale
Rick Pasqualone,Resistance 2
Rick Pasqualone,HBO: The Making of 'The Sopranos: Road to Respect'
Rick Pasqualone,Ice Age: Dawn of the Dinosaurs
Rick Pasqualone,Marvel Ultimate Alliance 3: The Black Order
Rick Pasqualone,Blind Justice
Rick Pasqualone,Without a Trace
Rick Pasqualone,Custer: The Final Mystery
Rick Pasqualone,Shark
Rick Pasqualone,The Sopranos: Road to Respect
Rick Pasqualone,Mountain Movers
Rick Pasqualone,20 Most Shocking Unsolved Crimes
Rick Pasqualone,Crash
Rick Pasqualone,Space Chimps
Rick Pasqualone,Ultimate Car Build Off
Rick Pasqualone,Resistance: Burning Skies
Rick Pasqualone,Rise of Nations: Rise of Legends
Rick Pasqualone,Independence Day: Resurgence
Rick Pasqualone,Red Faction: Guerrilla
Rick Pasqualone,Grey's Anatomy: The Video Game
Rick Pasqualone,Truth
Rick Pasqualone,Gotti
Rick Pasqualone,Kirk
Rick Pasqualone,The Fence
Rick Pasqualone,The Secret Bunker with Robert Firth
Rick Pasqualone,The Shift
Rick Pasqualone,Friends
Rick Pasqualone,The Death of Superman
Rick Pasqualone,Alpha Mail
Billy Dec,That's Harassment
John O. Nelson,Fat Chance
Rick Pasqualone,Moloney
Rick Pasqualone,Greenland
Rick Pasqualone,Caroline in the City
Rick Pasqualone,Live with Dan Allen Gaming
Rick Pasqualone,Grand Theft Auto V
Rick Pasqualone,Prison Break: The Conspiracy
Rick Pasqualone,Fallout: New Vegas
Rick Pasqualone,Destroy All Humans: Path of the Furon
Rick Pasqualone,Weird Science
Rick Pasqualone,Spec Ops: The Line
Rick Pasqualone,Talking in Circles
Rick Pasqualone,Marvel vs. Capcom 3: Fate of Two Worlds
Rick Pasqualone,Medal of Honor
Rick Pasqualone,The Dutch Master
Billy Dec,The Meredith Vieira Show
Billy Dec,The Chicago Code
Billy Dec,Criminal Minds
Billy Dec,Today in Nashville
Billy Dec,Mollywood
Billy Dec,Powers
Billy Dec,One Small Hitch
Billy Dec,The Beast
Billy Dec,Chasing Grace
Billy Dec,Friends
Billy Dec,Entourage
Billy Dec,Chicagoland
Billy Dec,Simply Ming
Billy Dec,Chasing Gold
Billy Dec,24/7 Chicago
Billy Dec,Baby on Board
Billy Dec,Chasing the Blues
Billy Dec,Miss Arizona
Billy Dec,NightLights
Billy Dec,Happy Snow Day
Billy Dec,The Law of Moises
Billy Dec,I Heart Shakey
Billy Dec,Today
Billy Dec,Good Morning America
John O. Nelson,5ive: Thirty One (5:31)
John O. Nelson,Deadly Lessons
John O. Nelson,Secret Santa Deluxe
John O. Nelson,CSI: NY
John O. Nelson,Off the Hook
John O. Nelson,"The Chronicles of Hernia: The Lion, the Ditch and the Studio"
John O. Nelson,Get a Job Dave
John O. Nelson,LateLine
John O. Nelson,The Marriage Chronicles
John O. Nelson,Dating Games LA
John O. Nelson,Compact Only
John O. Nelson,The Final Song
John O. Nelson,Hitch
John O. Nelson,Friends
John O. Nelson,Andiamo! Uptown
John O. Nelson,Hood Tales
John O. Nelson,Apt. 2F
Rick Pasqualone,Guidance
Rick Pasqualone,Days of Our Lives
Rick Pasqualone,Glee
Billy Dec,The Last Rites of Joe May
Billy Dec,Windy City LIVE
Billy Dec,Jessica
Billy Dec,Chicago Fire
Billy Dec,Fox and Friends
Billy Dec,Empire
Billy Dec,Frankenfood
Billy Dec,Book of Swords
Billy Dec,American Crime Story
Billy Dec,Adventures in the Sin Bin
Billy Dec,Weekend Today
Billy Dec,Esquire's First Look: Inside the Totally Insane Nike x NBA Global Launch
Billy Dec,Megyn Kelly Today
John O. Nelson,Fall
John O. Nelson,New York Undercover
John O. Nelson,Rapture
John O. Nelson,And If I Stay
John O. Nelson,And Guest
John O. Nelson,Gang Girl
John O. Nelson,Sides
John O. Nelson,Side Show
John O. Nelson,Compton Cowboy
John O. Nelson,Jacare's List
John O. Nelson,Marcus
John O. Nelson,Ali
John O. Nelson,Gone
John O. Nelson,Upright Citizens Brigade
John O. Nelson,Doing the L.A. Thing
John O. Nelson,Bounty Hunters 2
John O. Nelson,Their Eyes Were Watching God
John O. Nelson,Hell Date
John O. Nelson,Harlem River Drive
John O. Nelson,Monika's Day
John O. Nelson,The Marriage Lottery
John O. Nelson,My Life with Morrissey
John O. Nelson,Red Herring
John O. Nelson,The Orlando Jones Show
John O. Nelson,Coupled with Love
John O. Nelson,Alien Pandemic
John O. Nelson,Serial TV
John O. Nelson,Death of a B Boy
John O. Nelson,More Than a Woman
John O. Nelson,In the Flow with Affion Crockett
John O. Nelson,Mirror II Society: Affion Crockett
John O. Nelson,Bounty Hunters
John O. Nelson,Circles
John O. Nelson,The Fly Trap
John O. Nelson,The Mark 666 & the New World Order
John O. Nelson,Sexgunsmoney@20
Chris McNair,Arizona
Chris McNair,Golfing Ninjas
Chris McNair,Friends
Chris McNair,Actor's Day in LA
Chris McNair,One Tree Hill
Chris McNair,How We Covered It
Chris McNair,Male Lesbian
Chris McNair,Remarkable Power
Chris McNair,Santana: Multi Dimensional Warrior - Live at the Fillmore
Chris McNair,Proud Souls
Chris McNair,An Innocent Hell
Phill Lewis,Happy Together
Phill Lewis,The McCarthys
Phill Lewis,Aces: Iron Eagle III
Phill Lewis,The Big C
Phill Lewis,Sing-Along Bowl-Athon
Phill Lewis,Malibu Country
Phill Lewis,B Positive
Phill Lewis,Amen
Phill Lewis,The Sixth Lead
Phill Lewis,Your Family or Mine
Phill Lewis,Hannah Montana
Phill Lewis,Man with a Plan
Phill Lewis,$pent
Phill Lewis,Marlon
Phill Lewis,Ground Floor
Phill Lewis,Totally Suite New Year's Eve
Phill Lewis,The Suite Life on Deck
Phill Lewis,Drunk & Disorderly
Phill Lewis,K.C. Undercover
Phill Lewis,The Wayans Bros.
Phill Lewis,Mike & Molly
Phill Lewis,Once Upon a Time... When We Were Colored
Phill Lewis,Express Yourself
Phill Lewis,Heathers
Phill Lewis,The Soul Man
Phill Lewis,Wizards of Waverly Place
Phill Lewis,JAG
Phill Lewis,Men Behaving Badly
Phill Lewis,Sonny Spoon
Phill Lewis,Disney 365
Phill Lewis,Over the Top
Phill Lewis,Living Single
Phill Lewis,Superior Donuts
Phill Lewis,A Bronx Life
Phill Lewis,A.N.T. Farm
Phill Lewis,Kicking & Screaming
Phill Lewis,Team Kaylie
Phill Lewis,The Odd Couple
Phill Lewis,Gamer's Guide to Pretty Much Everything
Phill Lewis,The Cool Kids
Phill Lewis,Brother Future
Phill Lewis,Ally McBeal
Phill Lewis,Work with Me
Phill Lewis,Richie Rich
Phill Lewis,Wish Gone Amiss
Phill Lewis,The Minor Accomplishments of Jackie Woodman
Phill Lewis,Special Agent Oso
Phill Lewis,The Healing Powers of Dude
Phill Lewis,How I Got Into College
Phill Lewis,I Spy
Phill Lewis,New Year Sing-A-Long Bowl-A-Thon!
Phill Lewis,Joan of Arcadia
Phill Lewis,Beverly Hills Chihuahua 2
Phill Lewis,The Pretender
Phill Lewis,Monster Night
Phill Lewis,Dr. Ken
Phill Lewis,Melissa & Joey
Phill Lewis,Pretty Ugly People
Phill Lewis,Angel from Hell
Phill Lewis,Elvis Has Left the Building
Phill Lewis,Prince of Peoria
Phill Lewis,The Bronx Zoo
Phill Lewis,227
Phill Lewis,What Planet Are You From?
Phill Lewis,Indebted
Phill Lewis,The Women of Brewster Place
Phill Lewis,Hot in Cleveland
Phill Lewis,R3
Phill Lewis,Merry Happy Whatever
Phill Lewis,Charles in Charge
Phill Lewis,8 Simple Rules
Phill Lewis,Dadnapped
Phill Lewis,Meet the Biz
Phill Lewis,Lizzie McGuire
Phill Lewis,2 Broke Girls
Phill Lewis,Like Father
Phill Lewis,How I Met Your Mother
Phill Lewis,"Nicky, Ricky, Dicky & Dawn"
Phill Lewis,Phineas and Ferb
Phill Lewis,Fuller House
Phill Lewis,I'm in the Band
Phill Lewis,Pacific Blue
Phill Lewis,Undateable
Phill Lewis,Abby's
Phill Lewis,Mr. Robinson
Phill Lewis,Party of Five
Phill Lewis,Jessie
Phill Lewis,That's So Raven
Phill Lewis,CBS Schoolbreak Special
Phill Lewis,The Drew Carey Show
Phill Lewis,Carol's Second Act
Phill Lewis,Chicago Hope
Phill Lewis,Working
Phill Lewis,Kickin' It
Phill Lewis,Clippers
Phill Lewis,Bowfinger
Phill Lewis,It's a Shame About Ray
Phill Lewis,The Outsiders
Phill Lewis,Head Case
Phill Lewis,Sparks
Phill Lewis,Brothers & Sisters
Phill Lewis,The Disney Channel Games
Phill Lewis,American Dad!
Phill Lewis,Angie Tribeca
Phill Lewis,I'm Not Dead Yet
Phill Lewis,ABC Afterschool Specials
Phill Lewis,Dharma & Greg
Phill Lewis,Friends with Better Lives
Phill Lewis,Kim Possible
Phill Lewis,Hill Street Blues
Phill Lewis,Alexa & Katie
Phill Lewis,David's Vlog
Edward James Gage,The District
Phill Lewis,The Good News
Phill Lewis,On the Spot Interviews
Phill Lewis,The Suite Life of Zack & Cody
Phill Lewis,Austin & Ally
Phill Lewis,Broke
Phill Lewis,Wizards on Deck with Hannah Montana
Phill Lewis,Scrubs
Phill Lewis,TV 101
Phill Lewis,Sullivan & Son
Phill Lewis,Disney Channel Holiday
Phill Lewis,City Slickers
Phill Lewis,"Yes, Dear"
Phill Lewis,The Third Wheel
Phill Lewis,Good Luck Charlie
Phill Lewis,Bunk'd
Phill Lewis,No Good Nick
Phill Lewis,A Different World
Phill Lewis,Greener Mountains
Phill Lewis,The Big Show Show
Phill Lewis,Raising Hope
Phill Lewis,Married... with Children
Phill Lewis,Studio DC: Almost Live!
Phill Lewis,Tagteam
Edward James Gage,It's Always Sunny in Philadelphia
Edward James Gage,Superstore
Edward James Gage,The Big House
Edward James Gage,Everybody Loves Raymond
Edward James Gage,Big Time Rush
Edward James Gage,The New Adventures of Old Christine
Edward James Gage,Angel
Edward James Gage,Rude Awakening
Edward James Gage,Frasier
Edward James Gage,Mafia III
Edward James Gage,Bram and Alice
Edward James Gage,Las Vegas
Edward James Gage,Those Who Can't
Edward James Gage,The League
Edward James Gage,Lodge 49
Edward James Gage,You're the Worst
Edward James Gage,Norm
Phill Lewis,Total Drama
Phill Lewis,Friends
Phill Lewis,Binx' Last Flight
Phill Lewis,Buffy the Vampire Slayer
Phill Lewis,Pretty Smart
Phill Lewis,That's So Suite Life of Hannah Montana
Phill Lewis,Museum of Love
Phill Lewis,The Neighborhood
Phill Lewis,"Sister, Sister"
Phill Lewis,Protect and Surf
Phill Lewis,Hardball
Phill Lewis,All About the Washingtons
Phill Lewis,Mad About You
Phill Lewis,Family Law
Phill Lewis,Frank's Place
Phill Lewis,The Upshaws
Phill Lewis,The Millers
Phill Lewis,Second Team
Edward James Gage,The Hughleys
Edward James Gage,The One
Edward James Gage,ER
Edward James Gage,Father of the Year
Edward James Gage,It's All Relative
Edward James Gage,The Haunted Hathaways
Edward James Gage,Flaked
Edward James Gage,"Me, Myself and I"
Edward James Gage,Hot in Cleveland
Edward James Gage,8 Simple Rules
Edward James Gage,MADtv
Edward James Gage,Speechless
Edward James Gage,Bao
Edward James Gage,Bad Judge
Edward James Gage,The Geena Davis Show
Edward James Gage,My Name Is Earl
Edward James Gage,That's So Raven
Edward James Gage,Deterrence
Edward James Gage,Rel
Edward James Gage,Just Shoot Me!
Edward James Gage,Scandal
Edward James Gage,Free Agents
Edward James Gage,Still Standing
Edward James Gage,Animals.
Phill Lewis,One Day at a Time
Phill Lewis,iCarly
Phill Lewis,Young & Hungry
Phill Lewis,Two Can Play That Game
Phill Lewis,Mr. Iglesias
Phill Lewis,Untitled Tad Quill Project
Phill Lewis,Teech
Phill Lewis,Starman
Phill Lewis,Punky Brewster
Phill Lewis,Regarding: Beauregard
Phill Lewis,Head of the Class
Phill Lewis,Surviving Christmas
Phill Lewis,The Suite Life Movie
Phill Lewis,Last Man Standing
Edward James Gage,An American Crime
Edward James Gage,I Feel Bad
Edward James Gage,The Last Man on Earth
Edward James Gage,Angie Tribeca
Edward James Gage,The Office
Edward James Gage,Twins
Edward James Gage,Grounded for Life
Edward James Gage,Kath & Kim
Edward James Gage,In Justice
Edward James Gage,Malcolm in the Middle
Edward James Gage,Knight Rider
Edward James Gage,Rules of Engagement
Edward James Gage,Scrubs
Edward James Gage,Spring Break Lawyer
Edward James Gage,There's... Johnny!
Edward James Gage,Take
Edward James Gage,The Middle
Edward James Gage,Money Talks
Edward James Gage,So Notorious
Edward James Gage,Listen Up
Edward James Gage,Raising Hope
Edward James Gage,The Protector
Edward James Gage,"Good Morning, Miami"
Edward James Gage,The Huntress
Edward James Gage,My Uncle the Alien
Edward James Gage,Doobious Sources
Edward James Gage,Friends
Edward James Gage,Better with You
Edward James Gage,Bones
Edward James Gage,Remarkable Power
Edward James Gage,Buffy the Vampire Slayer
Edward James Gage,Kenan & Kel
Edward James Gage,Eli Stone
Edward James Gage,The Big Bang Theory
Edward James Gage,Rodney
Edward James Gage,Murphy Brown
Edward James Gage,Family Law
Edward James Gage,Modern Family
Edward James Gage,Jake in Progress
Edward James Gage,Live Free or Die Hard
Edward James Gage,Any Day Now
Edward James Gage,Gillery's Little Secret
Edward James Gage,Grey's Anatomy
Edward James Gage,Me Again
Garrison Taylor,truTV Top Funniest
Garrison Taylor,Your Reality Checked
Garrison Taylor,What the Fashion
Garrison Taylor,Joan of Arcadia
Garrison Taylor,Snaketacular
Garrison Taylor,America's Junior Miss 2002
Garrison Taylor,7-10 Split
Garrison Taylor,Gilmore Girls
Garrison Taylor,Rocky Balboa
Garrison Taylor,@midnight
Garrison Taylor,Friends
Garrison Taylor,Spring Breakdown
Garrison Taylor,Arrested Development
Garrison Taylor,Ridiculousness
Garrison Taylor,Tooned In
Garrison Taylor,Movie Up
Garrison Taylor,BBQ with Bobby Flay
Garrison Taylor,Will Smith - The Jump
Garrison Taylor,10th Annual Screen Actors Guild Awards
Garrison Taylor,Our Favorite Movies
Garrison Taylor,The Commies
Garrison Taylor,The 32nd Annual American Music Awards
Garrison Taylor,ReelzChannel Spotlight
Garrison Taylor,Web Soup
Garrison Taylor,The Checklist
Garrison Taylor,Crafters Coast to Coast
Garrison Taylor,Phil of the Future
Garrison Taylor,The Joel McHale Show with Joel McHale
Garrison Taylor,Beyond the Wall with Grace Parra
Angelika Roberts,Det Verkliga Äventyret
Angelika Roberts,"Jag älskar mitt land, inte min regering"
Angelika Roberts,Utanför din dörr
Angelika Roberts,Zero Tolerance
Angelika Roberts,En fyra för tre
Angelika Roberts,Friends
Angelika Roberts,Hollywood Weekly Film Festival 2017
Angelika Roberts,Lattemorsor
Angelika Roberts,Greta's Bed & Breakfast
Angelika Roberts,Den utvalde
Angelika Roberts,En sista gång
Angelika Roberts,Mammas Pojke
Angelika Roberts,Ett Avsked
Angelika Roberts,Konsten att få sin mamma att gråta
Angelika Roberts,Välkommen åter
Angelika Roberts,After School
Angelika Roberts,Looking4realove.com
Angelika Roberts,Brott§våg
George Adams,1717 Primrose
George Adams,Seinfeld
Ray Quiroga,Exil
George Adams,3rd Rock from the Sun
George Adams,Chicken House
George Adams,Tarsus
George Adams,Torn from the Flag: A Film by Klaudia Kovacs
George Adams,Mono Deux
George Adams,Friends
George Adams,Conspiracy Theory
George Adams,Dead World
George Adams,Country Gold
George Adams,CSI: Crime Scene Investigation
George Adams,Profiler
George Adams,Panic Nation
George Adams,Climate of the Hunter
George Adams,"Strike, Dear Mistress, and Cure His Heart"
George Adams,Deadwood
George Adams,Living Single
George Adams,"Emerald, Texas"
George Adams,Karen Sisco
George Adams,Cold Case
George Adams,The Burning Zone
Ray Quiroga,Delano
Ray Quiroga,Hero of the Day
Ray Quiroga,Everyday Miracles
Ray Quiroga,Independence Day: Resurgence
Ray Quiroga,Side Slip
Ray Quiroga,Feast of Fear
Ray Quiroga,Among the Rugged Peaks
Ray Quiroga,Talent Watch
Ray Quiroga,Atomic High
Ray Quiroga,Night Mistress
Ray Quiroga,Friends
Ray Quiroga,Surge of Power: The Stuff of Heroes
Ray Quiroga,The Matadors
Ray Quiroga,Mansion of Blood
Ray Quiroga,Tales from the Dead Zone
Ray Quiroga,King of Darkness
Ray Quiroga,In Transit
Ray Quiroga,Heart of the Dragon
Ray Quiroga,The Extra
Ray Quiroga,Tears of the Black Tiger
Ray Quiroga,Dean Quixote
Ray Quiroga,Dead of Night
George Adams,Murder One
George Adams,Lady Usher
George Adams,Gems
George Adams,Judges Creed
George Adams,Without a Trace
George Adams,Broadcast
George Adams,Agnes
George Adams,Suedehead
George Adams,Touche: A Blind Fencer's Story
Ray Quiroga,Errores de mi vida
Ray Quiroga,Black Magic Woman
Ray Quiroga,Starship Troopers
Ray Quiroga,Unknowns
Ray Quiroga,The Boy from Hell
Ray Quiroga,Samira's Show
Ray Quiroga,6 Hours
Ray Quiroga,Power Rangers Megaforce
Ray Quiroga,No Man's Land
Ray Quiroga,Any Which Way They Come
Ray Quiroga,Natural Bridges National Monument Documentary
Ray Quiroga,Change of Plans God's Way
Ray Quiroga,Pooltime
Ray Quiroga,Rings of the Unpromised
Ray Quiroga,Hell is for Children
Ray Quiroga,The Defenders
Ray Quiroga,StarCam: Gateway to the Stars
Ray Quiroga,Game of Thrones: A Telltale Games Series
Ray Quiroga,Land of the Lost
Ray Quiroga,Drug Wars: The Camarena Story
Ray Quiroga,Shipping Wars
Ray Quiroga,The Visitor from Planet Omicron
Ray Quiroga,"I, Alone"
Ray Quiroga,Ghost Aliens
Ray Quiroga,Bobby
Ray Quiroga,Sweet Tessie and Bags
Ray Quiroga,Luxury Gala 2020
Ray Quiroga,An Argument
Ray Quiroga,Days of Our Lives
Jeannette Papineau,Veronica's Closet
Jeannette Papineau,Coyote Ugly
Jeannette Papineau,7th Heaven
Jeannette Papineau,Love Boat: The Next Wave
Jeannette Papineau,V.I.P.
Jeannette Papineau,The Last Producer
Jeannette Papineau,Friends
Jeannette Papineau,Buffy the Vampire Slayer
Jeannette Papineau,N'sync: Thinking of You (I Drive Myself Crazy)
Jeannette Papineau,Lancelot: Guardian of Time
Jeannette Papineau,MADtv
Jeannette Papineau,Family Law
Jeannette Papineau,The Man Show
Jeannette Papineau,Space Cowboys
Jeannette Papineau,Baywatch
Jeannette Papineau,Eminem: The Real Slim Shady
Jeannette Papineau,"Beverly Hills, 90210"
Jeannette Papineau,Rewind
Jeannette Papineau,Resurrection Blvd.
Jeannette Papineau,The Lot
Paula Newsome,The Talk
Paula Newsome,Home Alone: Deleted Scenes
Paula Newsome,Pretty Little Liars
Paula Newsome,Criminal Minds
Paula Newsome,Little Miss Sunshine
Paula Newsome,Flashforward
Paula Newsome,ER
Paula Newsome,Celebrity Page
Paula Newsome,No Tomorrow
Paula Newsome,NCIS
Paula Newsome,The Lyon's Den
Paula Newsome,Barry
Paula Newsome,Women's Murder Club
Paula Newsome,Code Black
Paula Newsome,Boomerang
Paula Newsome,Angel Street
Paula Newsome,Chicago Med
Paula Newsome,The New Adventures of Old Christine
Paula Newsome,Friends
Paula Newsome,Heroes
Paula Newsome,The Guardian
Paula Newsome,Suspicion
Paula Newsome,NYPD Blue
Paula Newsome,Home Alone
Paula Newsome,Chicago Hope
Paula Newsome,Drop Dead Diva
Paula Newsome,Spider-Man: No Way Home Red Carpet Premiere!
Paula Newsome,Dharma & Greg
Paula Newsome,Bones
Paula Newsome,1600 Penn
Paula Newsome,Reign Over Me
Paula Newsome,Transparent
Paula Newsome,Killer Instinct
Paula Newsome,Strong Medicine
Paula Newsome,Black or White
Paula Newsome,Magnum P.I.
Paula Newsome,Cougar Town
Paula Newsome,Keeper of the City
Paula Newsome,Backstrom
Paula Newsome,Starving in Suburbia
Paula Newsome,Parenthood
Paula Newsome,The Twilight Zone
Paula Newsome,Night Stalker
Paula Newsome,CSI: Vegas
Paula Newsome,Things We Lost in the Fire
Paula Newsome,Conrad Bloom
Paula Newsome,The Brothers
Paula Newsome,Harambee!
Paula Newsome,Two Can Play That Game
Paula Newsome,First Years
Paula Newsome,Entertainment Tonight
Paula Newsome,Suburgatory
Paula Newsome,Suits
Paula Newsome,Any Day Now
Paula Newsome,Swift Justice
Paula Newsome,Revival
Paula Newsome,Spider-Man: No Way Home
Paula Newsome,"Yes, Dear"
Paula Newsome,Straight Talk
Paula Newsome,Doubt
Paula Newsome,Judging Amy
Paula Newsome,The Unicorn
Paula Newsome,How to Get Away with Murder
Paula Newsome,Law & Order
Paula Newsome,Ally McBeal
Paula Newsome,Grey's Anatomy
Paula Newsome,Beautiful Fragments
Paula Newsome,Guess Who
Paula Newsome,City of Angels
Paula Newsome,Castle
Bernard Curioso,Forgotten Soul
Bernard Curioso,Secretariat
Bernard Curioso,Friends
Geoff Wingham,Fruitvale Station
Geoff Wingham,In the Bedroom
Geoff Wingham,The Irishman
Geoff Wingham,Desperate Housewives
Geoff Wingham,The Perks of Being a Wallflower
Geoff Wingham,Friends
Geoff Wingham,Grosse Pointe
Geoff Wingham,Curb Your Enthusiasm
Geoff Wingham,The Politician
Geoff Wingham,The Founder
Geoff Wingham,Kill Your Darlings
Geoff Wingham,Will & Grace
Geoff Wingham,White Collar
Geoff Wingham,Comment allez vous? Je suis épuisé
Geoff Wingham,Trailer Park Boys
Geoff Wingham,Damages
Geoff Wingham,Invictus
Geoff Wingham,These Old Broads
Geoff Wingham,The Middle
Geoff Wingham,Magic City
Geoff Wingham,Little Women
John Damien Ryan,Reign of Fire
John Damien Ryan,Ante Up
John Damien Ryan,Seven's Eleven
John Damien Ryan,Strange Magic
John Damien Ryan,Kangaroo Jack
John Damien Ryan,The Emperor's New Groove
John Damien Ryan,Chasing the Past
John Damien Ryan,Waking Sleeping Beauty
John Damien Ryan,WWE Slam City
John Damien Ryan,Mulan
John Damien Ryan,Fathers' Day
John Damien Ryan,Friends
John Damien Ryan,Artbound
John Damien Ryan,Atlantis: The Lost Empire
John Damien Ryan,Kronk's New Groove
John Damien Ryan,Carter Can
John Damien Ryan,The Rock
John Damien Ryan,Oceans
John Damien Ryan,The Lion King 3: Hakuna Matata
John Damien Ryan,The Reef
John Damien Ryan,The Emperor's New School
John Damien Ryan,TrollsTopia
John Damien Ryan,Brandy & Mr. Whiskers
John Damien Ryan,The Awesomes
John Damien Ryan,Hand Held
John Damien Ryan,TMNT
John Damien Ryan,Skin Deep: Formulating a Legacy
John Damien Ryan,Sidewalk Symphony
John Damien Ryan,James and the Giant Peach
John Damien Ryan,LionHeart: Animatic Pilot
John Damien Ryan,Lunch with Eddie
John Damien Ryan,UglyDolls
John Damien Ryan,An Unkindness of Ravens
John Damien Ryan,The Lion King II: Simba's Pride
John Rhymes,Ashes
John Rhymes,That Hollywood Hustle
John Rhymes,General Hospital
John Rhymes,Lets Do It
John Rhymes,West Coast Party
John Rhymes,Friends
John Rhymes,Nip in the Bud
John Rhymes,Face of Evil
John Rhymes,The Blackstone
John Rhymes,The Young and the Restless
John Rhymes,Black Dynamite
John Rhymes,Ray Donovan
John Rhymes,Crazy Love
John Rhymes,Blowtorch
John Rhymes,Loqueesha
Al Collado,Spiked
Al Collado,That's Life
Al Collado,Friends
Al Collado,Common Threads
Al Collado,Providence
Al Collado,The West Wing
Al Collado,The Bellmen
Al Collado,ER
Al Collado,The Division
Al Collado,Old School
Al Collado,S1m0ne
Al Collado,Gilmore Girls
Al Collado,"Hello, Are You There?"
Al Collado,American Tragedy
Al Collado,Spider-Man 2
Al Collado,Deadwood
Al Collado,Run Coyote Run
J Graigory,The Closer
J Graigory,Designing Women
J Graigory,Jimmy Kimmel Live!
J Graigory,Friends
J Graigory,99 Saker Man Måste Göra Innan Man Dör
J Graigory,The Drew Carey Show
J Graigory,Queer as Folk
J Graigory,Rock & Roll Back to School Special
J Graigory,Hearts Afire
J Graigory,Supernatural
J Graigory,The Dan Show
J Graigory,Tourgasm
J Graigory,U.S. of Ant
J Graigory,Jimmy Kimmel Live's All-Star Salute to Jimmy Kimmel Live!
J Graigory,Saint Louie
J Graigory,Bagtime
J Graigory,Evening Shade
